# llao stats export v1 | generated 2026-10-07T08:16:15Z | rows 19 | runs 19
out_path	run_id	ts	runs	source_format	codec_name	source_size	bits	channels	sample_rate	duration_ms	has_tags	wav_size	winner_format	winner_variant	winner_cost	winner_sidecar	alac:default	flac:0	flac:1	flac:2	flac:3	flac:4	flac:5	flac:6	flac:7	flac:8	flac:8_hann	flac:8_kaiser	flac:8_l24	flac:8_l24_p	flac:8_l32	flac:8_p	flac:8_ptukey	flac:8_punchout	la:default	la:high	la:high_noseek	la:noseek	monkeys_audio:c1000	monkeys_audio:c2000	monkeys_audio:c3000	monkeys_audio:c4000	monkeys_audio:c5000	tta:default	wavpack:h_x0	wavpack:h_x1	wavpack:h_x2	wavpack:h_x3	wavpack:h_x4	wavpack:h_x5	wavpack:h_x6	wavpack:h_x6_bs	wavpack:h_x6_j1	wavpack:h_x6_j1_bs	wavpack:hh_x0	wavpack:hh_x1	wavpack:hh_x2	wavpack:hh_x3	wavpack:hh_x4	wavpack:hh_x5	wavpack:hh_x5_bs	wavpack:hh_x5_j1	wavpack:hh_x5_j1_bs	wavpack:hh_x6	wavpack:hh_x6_bs	wavpack:hh_x6_j1	wavpack:hh_x6_j1_bs
/home/kit/llao/LosslessAudioOpt/scratch_err/f3/src.ofr	20261007T081542Z-3123687	2026-10-07T08:15:42Z	1	optimfrog	pcm_s16le	116624	16	2	44100	6000	0	1058478						298909	298909	298909	285810	285962	249902	239028	239809	230605	267155	260937	230016	218453	230016	218563	245599	242027																																	
/home/kit/llao/LosslessAudioOpt/scratch_err/h1/mix.flac	20261007T081611Z-3124482	2026-10-07T08:16:11Z	1	wav	pcm_s16le	1058478	16	2	44100	6000	1	1058478	flac	8_l24_p	218449	0		298905	298905	298905	285806	285958	249898	239024	239805	230601	267151	260933	230012	218449	230012	218559	245595	242023																																	
/home/kit/llao/LosslessAudioOpt/scratch_err/h2/tone_odd.ape	20261007T081615Z-3124891	2026-10-07T08:16:15Z	1	wav	pcm_s24le	288105	24	1	48000	2000	1	288106	monkeys_audio	c5000	113639	0																							134511	122147	125223	115203	113639																								
/home/kit/llao/LosslessAudioOpt/scratch_test/e1/src.tta	20261007T081404Z-3117778	2026-10-07T08:14:04Z	1	wav	pcm_s16le	1411468	16	2	44100	8000	1	1411360	tta	default	452755	281																												452755																							
/home/kit/llao/LosslessAudioOpt/scratch_test/e2/src.wv	20261007T081434Z-3117966	2026-10-07T08:14:34Z	1	flac	flac	713930	16	2	44100	8000	1	1411244	wavpack	hh_x5_bs	296120	0																													547054	468152	446166	442478	332048	327334	314670	301598	332438	326816	557144	445030	442594	442594	326136	320222	296120	339414	318184	307846	296120	330858	318184
/home/kit/llao/LosslessAudioOpt/scratch_test/e4/src.tta	20261007T081439Z-3118849	2026-10-07T08:14:39Z	1	wav	pcm_s16le	1411947	16	2	44100	8000	1	1411338	tta	default	453175	604																												453175																							
/home/kit/llao/LosslessAudioOpt/scratch_test/e5/src.wv	20261007T081507Z-3118957	2026-10-07T08:15:07Z	1	wav	pcm_s16le	1411947	16	2	44100	8000	1	1411338	wavpack	hh_x5_bs	296499	533																													547433	468531	446545	442857	330305	327713	315049	301977	334055	327195	557523	445409	442973	442973	324073	326189	296499	339793	318563	309459	296499	330545	318563
/home/kit/llao/LosslessAudioOpt/scratch_test/o1/src.tta	20261007T081215Z-3114364	2026-10-07T08:12:15Z	1	flac	flac	713619	16	2	44100	8000	1	1411244	tta	default	452652	0																												452652																							
/home/kit/llao/LosslessAudioOpt/scratch_test/o2/src.wv	20261007T081243Z-3114453	2026-10-07T08:12:43Z	1	flac	flac	713619	16	2	44100	8000	1	1411244	wavpack	hh_x5_bs	295811	0																													546745	467843	445857	442169	329617	327025	314361	301289	332129	326507	556835	444721	442285	442285	325827	319913	295811	339105	317875	307537	295811	330549	317875
/home/kit/llao/LosslessAudioOpt/scratch_test/o2b/src.m4a	20261007T081245Z-3115213	2026-10-07T08:12:45Z	1	wav	pcm_s16le	1411350	16	2	44100	8000	1	1411332	alac	default	630928	0	630928																																																		
/home/kit/llao/LosslessAudioOpt/scratch_test/o2c/src.m4a	20261007T081247Z-3115321	2026-10-07T08:12:47Z	1	wav	pcm_s16le	1411336	16	2	44100	8000	1	1411312	alac	default	630922	0	630922																																																		
/home/kit/llao/LosslessAudioOpt/scratch_test/o2c2/src.wv	20261007T081315Z-3115429	2026-10-07T08:13:15Z	1	wav	pcm_s16le	1411336	16	2	44100	8000	1	1411312	wavpack	hh_x5_bs	295674	0																													546608	467706	445720	442032	331602	326888	314224	301152	333610	326370	556698	444584	442148	442148	325690	319776	295674	338968	317738	307400	295674	328528	317738
/home/kit/llao/LosslessAudioOpt/scratch_test/o2d/src.m4a	20261007T081317Z-3116240	2026-10-07T08:13:17Z	1	mov,mp4,m4a,3gp,3g2,mj2	alac	4825314	16	2	44100	8000	1	1394956	alac	default	623626	0	623626																																																		
/home/kit/llao/LosslessAudioOpt/scratch_test/o3/src.flac	20261007T081335Z-3116557	2026-10-07T08:13:35Z	1	wv	wavpack	581774	16	2	44100	8000	1	1411244	flac	8_l24_p	293473	0		520692	554115	520692	393903	361240	339030	319208	317799	313755	353056	353593	313573	293473	313573	293558	343429	330106																																	
/home/kit/llao/LosslessAudioOpt/scratch_test/o5/src.flac	20261007T081346Z-3116898	2026-10-07T08:13:46Z	1	wav	pcm_s16le	1411468	16	2	44100	8000	1	1411360	flac	8_l24_p	293748	309		520967	554390	520967	394178	361515	339305	319483	318074	314030	353331	353868	313848	293748	313848	293833	343704	330381																																	
/home/kit/llao/LosslessAudioOpt/scratch_test/o6/src.tta	20261007T081348Z-3117118	2026-10-07T08:13:48Z	1	wav	pcm_s16le	1411468	16	2	44100	8000	1	1411360	tta	default	452755	281																												452755																							
/home/kit/llao/LosslessAudioOpt/scratch_test/o7/src.tta	20261007T081350Z-3117225	2026-10-07T08:13:50Z	1	flac	flac	713549	16	2	44100	8000	1	1411244	tta	default	452734	337																												452734																							
/home/kit/llao/LosslessAudioOpt/scratch_test/o9/src.tta	20261007T081354Z-3117359	2026-10-07T08:13:54Z	1	flac	flac	713530	16	2	44100	8000	1	1411244	tta	default	452551	0																												452551																							
/home/kit/llao/LosslessAudioOpt/scratch_test/u1/src.la	20261007T081530Z-3119751	2026-10-07T08:15:30Z	1	flac	flac	713989	16	2	44100	8000	1	1411404	la	high	293755	676																			329905	293755	293755	329905																													
